Frequency,Magnitude
0.0,712.0
0.2,3.098065865407438
0.4,3.9516223073820607
0.6000000000000001,3.6735831755556494
0.8,2.5804084255120623
1.0,2.487265846769676
1.2000000000000002,3.582622633758872
1.4000000000000001,3.9734628342697484
1.6,3.193641692146278
1.8,2.2535068861597987
2.0,2.949827996932683
2.2,3.894743597126622
2.4000000000000004,3.7323035988761615
2.6,2.624936467359746
2.8000000000000003,2.3185762701867825
3.0,3.4358482200266676
3.2,3.9648669300268393
3.4000000000000004,3.265940288699218
3.6,2.161660018287742
3.8000000000000003,2.7098985849205444
4.0,3.7855121082811647
4.2,3.7769729439763657
4.4,2.659531839357481
4.6000000000000005,2.043205194509873
4.800000000000001,3.1897110343828223
5.0,3.9235908930891803
5.2,3.362991724664215
5.4,2.0577832743660456
5.6000000000000005,2.3127918466267157
5.800000000000001,3.5891139823276537
6.0,3.847836329756203
6.2,2.803057888479379
6.4,1.6779301470594887
6.6000000000000005,2.765551703151122
6.800000000000001,3.8634793623136234
7.0,3.6392093874866167
7.2,2.231653274677989
7.4,1.7062418635277015
7.6000000000000005,3.271536456262059
7.800000000000001,4.120979271640423
8.0,3.4963719263724355
8.200000000000001,1.855925266532345
8.4,2.1393691115034326
8.6,3.9809794126184626
8.8,4.70283706503974
9.0,3.7674644075621804
9.200000000000001,2.007344088452216
9.4,3.1956423205086146
9.600000000000001,5.500492798732938
9.8,6.2676179623436346
10.0,4.9451959568128725
10.200000000000001,3.350582071906906
10.4,5.927279014174146
10.600000000000001,9.202886374310156
10.8,10.081112648863899
11.0,8.158468560901618
11.200000000000001,7.860151770919985
11.4,13.560099759585842
11.600000000000001,19.397457793839923
11.8,21.116125720359147
12.0,19.72238884757864
12.200000000000001,27.073206441076252
12.4,49.73171860533151
12.600000000000001,83.89003690131463
12.8,153.92079850311805
13.0,1941.0791295490824
13.200000000000001,142.9123724596971
13.4,90.7824243680885
13.600000000000001,62.3510493688799
13.8,41.605188732147944
14.0,33.20324564040823
14.200000000000001,33.575237960938644
14.4,32.525430048812964
14.600000000000001,27.57841195175315
14.8,22.653459315847773
15.0,22.00470638118841
15.200000000000001,23.350366216806485
15.4,22.672263589206416
15.600000000000001,19.940225713071115
15.8,18.117783041107526
16.0,18.79125211106143
16.2,19.684200951208542
16.400000000000002,18.875200658550124
16.6,17.149025511377374
16.8,16.62833014740322
17.0,17.541885574479547
17.2,18.040992699336655
17.400000000000002,17.238207499634367
17.6,16.15970623081703
17.8,16.258240770464102
18.0,17.18117013586903
18.2,17.465975310471432
18.400000000000002,16.722884168116916
18.6,16.047982096522784
18.8,16.519833530914106
19.0,17.492823070508937
19.200000000000003,17.65181327404205
19.400000000000002,16.893925966476363
19.6,16.51434770476943
19.8,17.399854978023477
20.0,18.493514384042335
20.200000000000003,18.448808331805107
20.400000000000002,17.577525614217215
20.6,17.62793721854259
20.8,19.118635902897037
21.0,20.26749409005837
21.200000000000003,19.801567969339377
21.400000000000002,18.881922305697845
21.6,19.80812050675216
21.8,22.069103542710206
22.0,22.988321548540018
22.200000000000003,21.87697054697252
22.400000000000002,21.40510800455664
22.6,23.95867132594024
22.8,26.981079220486226
23.0,27.191608079032417
23.200000000000003,25.496192765925247
23.400000000000002,26.860403168127114
23.6,32.16969333847818
23.8,35.860231259888316
24.0,34.894947011191206
24.200000000000003,33.899063124551226
24.400000000000002,40.92285697116462
24.6,52.085955961520916
24.8,57.893447180672595
25.0,57.43418570831132
25.200000000000003,67.56105937099787
25.400000000000002,106.46507550506095
25.6,172.94234501123427
25.8,317.9824386804533
26.0,1680.009226150256
26.200000000000003,211.18666108958814
26.400000000000002,133.9937355511433
26.6,87.1876070073434
26.8,49.26546197765294
27.0,33.40700318243205
27.200000000000003,36.58011294848106
27.400000000000002,35.265714511649975
27.6,25.246768727461852
27.8,14.051640184583816
28.0,14.407997263202686
28.200000000000003,18.33090208530363
28.400000000000002,16.40800299071998
28.6,9.54933456238818
28.8,4.667568513765334
29.0,8.650772205805106
29.200000000000003,10.381010046863576
29.400000000000002,7.867637286013551
29.6,2.8349809593651663
29.8,2.1954877350419935
30.0,5.217563359628115
30.200000000000003,5.752077149263908
30.400000000000002,4.610916480991484
30.6,2.9885366568432286
30.8,1.6822866585999696
31.0,2.726492506069733
31.200000000000003,4.943242926512055
31.400000000000002,5.958488743572895
31.6,4.5827747106709245
31.8,1.0426635807174205
32.0,4.023453432093741
32.2,7.548419369795297
32.4,8.070479611692349
32.6,5.243717474965675
32.800000000000004,3.4661768028647297
33.0,7.9463431573120555
33.2,10.783828783409833
33.4,9.582071298823745
33.6,5.956167545230256
33.800000000000004,7.800098258886944
34.0,12.599612452154716
34.2,13.81069107231056
34.4,10.648764893182939
34.6,8.678246914940203
34.800000000000004,13.70574017007902
35.0,17.815021612408742
35.2,16.648871011881045
35.4,12.513137914100463
35.6,14.905341650860985
35.800000000000004,21.763241660644507
36.0,24.084765753068446
36.2,20.22394212666819
36.4,18.34377248124994
36.6,26.55367969334124
36.800000000000004,34.25791378569613
37.0,33.71310854686394
37.2,28.645811185553672
37.4,35.60960382952297
37.6,52.49738390563364
37.800000000000004,62.480182129560994
38.0,60.385721244588524
38.2,67.35911407691266
38.400000000000006,116.35497894309599
38.6,205.6238057014877
38.800000000000004,407.51489444606096
39.0,1333.5372691901898
39.2,242.72611686867526
39.400000000000006,163.04554024768495
39.6,110.5007117080886
39.800000000000004,67.33107016332907
40.0,50.43220177795206
40.2,53.082647952672
40.400000000000006,50.027433184105554
40.6,37.77518855874846
40.800000000000004,27.421048514073792
41.0,28.736599561252977
41.2,31.228124082512924
41.400000000000006,27.057989371681213
41.6,19.703335438206537
41.800000000000004,18.313698313218747
42.0,21.47465994732614
42.2,20.939310295598098
42.400000000000006,16.119920113249773
42.6,13.08357900937441
42.800000000000004,15.436529471210333
43.0,16.72082740677319
43.2,13.970568062500162
43.400000000000006,10.426910391097302
43.6,11.4891008238071
43.800000000000004,13.635104291385955
44.0,12.484829997203695
44.2,9.170338275251433
44.400000000000006,8.964815104015946
44.6,11.43105210886324
44.800000000000004,11.511095940023672
45.0,8.767114484183812
45.2,7.54852659804859
45.400000000000006,10.021536871425157
45.6,11.111389335308642
45.800000000000004,9.06878313240983
46.0,7.115831980515908
46.2,9.360067838014578
46.400000000000006,11.395732546012626
46.6,10.162836716772203
46.800000000000004,7.699347582687498
47.0,9.403978584009005
47.2,12.43867293539041
47.400000000000006,12.249188230986485
47.6,9.509447126774264
47.800000000000004,10.193234812074495
48.0,14.284610274777108
48.2,15.618591435407867
48.400000000000006,13.017505718258905
48.6,12.108418714699221
48.800000000000004,17.089840985223375
49.0,20.812636420630056
49.2,19.226820970763775
49.400000000000006,16.40051472910786
49.6,21.550798191178295
49.800000000000004,29.22710045431212
50.0,30.706586068719965
50.2,26.593506422842655
50.400000000000006,30.57385906259384
50.6,45.86803449336488
50.800000000000004,57.11115648155943
51.0,56.853988020658356
51.2,61.26835016447781
51.400000000000006,106.3129904447292
51.6,197.1986378332957
51.800000000000004,419.9641213117619
52.0,929.5019623504169
52.2,210.3589741120589
52.400000000000006,150.43347158793432
52.6,106.00262817256392
52.800000000000004,64.48840156984603
53.0,46.152124647837184
53.2,50.60957734456812
53.400000000000006,50.077894949758864
53.6,38.453519392490136
53.800000000000004,26.154507306116997
54.0,27.165264977319556
54.2,31.785423743443253
54.400000000000006,28.915967816008347
54.6,20.384638079723505
54.800000000000004,16.847501790848867
55.0,21.370703091984314
55.2,22.858514218947022
55.400000000000006,18.162709469335674
55.6,12.362775960983628
55.800000000000004,14.152665600528945
56.0,17.748548882920655
56.2,16.475838988469185
56.400000000000006,11.19820164980245
56.6,9.16102741125902
56.800000000000004,12.942400696369067
57.0,14.346948772217479
57.2,11.14911467989823
57.400000000000006,6.657917318731647
57.6,8.404858025735358
57.800000000000004,11.524143474865806
58.0,10.770879147688985
58.2,6.536071566274409
58.400000000000006,4.490475197346574
58.6,8.055962684389497
58.800000000000004,9.46283112320422
59.0,7.086763598140627
59.2,2.6331247936842184
59.400000000000006,4.145720080768952
59.6,7.0692606242469225
59.800000000000004,6.883026442896525
60.0,3.8809336371057928
60.2,0.48403880703751884
60.400000000000006,3.7692751359607177
60.6,5.27744499933247
60.800000000000004,5.010848081866192
61.0,3.9716710016780694
61.2,2.6919279848405355
61.400000000000006,2.0284755767263714
61.6,4.6675005380554735
61.800000000000004,7.522139969787272
62.0,7.908318485712526
62.2,4.543885632047883
62.400000000000006,3.3145277928811874
62.6,10.739446025787187
62.800000000000004,15.6198826591503
63.0,14.652531420559272
63.2,9.445962950228642
63.400000000000006,15.431073464653748
63.6,28.55060151578075
63.800000000000004,36.056889359327094
64.0,33.6145370740514
64.2,35.523238011850374
64.4,72.60423469015889
64.60000000000001,145.5148303907628
64.8,336.84245554717194
65.0,550.1024347897117
65.2,147.78467431077473
65.4,111.9004829904511
65.60000000000001,84.40336992483427
65.8,56.32534167779604
66.0,40.807422143079386
66.2,41.62915034317381
66.4,42.58876969705804
66.60000000000001,36.60280380305485
66.8,28.384616423644868
67.0,26.217909574725454
67.2,28.656737609957585
67.4,28.399258322102202
67.60000000000001,24.32195612952074
67.8,20.835287381733437
68.0,21.51949808339917
68.2,23.023289099477296
68.4,21.861732117585277
68.60000000000001,18.970899634160723
68.8,17.830937263629462
69.0,19.054649997921178
69.2,19.6101267523333
69.4,18.14918893164915
69.60000000000001,16.33162421150443
69.8,16.355746298669253
70.0,17.397048708274795
70.2,17.32996008578768
70.4,15.961066100469047
70.60000000000001,14.982929891062545
70.8,15.485651581661493
71.0,16.225778085086873
71.2,15.850834427136789
71.4,14.712122935750616
71.60000000000001,14.282352459985994
71.8,14.976191321552188
72.0,15.519660335197548
72.2,15.007125235380428
72.4,14.049256248321658
72.60000000000001,13.99388746768968
72.8,14.876254879838967
73.0,15.33121015791496
73.2,14.666117757348417
73.4,13.80466763907015
73.60000000000001,14.185620463880692
73.8,15.389368244759066
74.0,15.730708462968414
74.2,14.764952350753376
74.4,14.075788973650125
74.60000000000001,15.236862272271223
74.8,16.886171957984427
75.0,16.906754252740697
75.2,15.48921327505713
75.4,15.477340511909734
75.60000000000001,18.11510407224505
75.8,20.311674448465343
76.0,19.67104182998179
76.2,17.937285639549046
76.4,20.34318169232619
76.60000000000001,26.369740223592462
76.80000000000001,30.108888963987233
77.0,29.02761631241158
77.2,30.00926848583068
77.4,47.909953721673396
77.60000000000001,87.1719778955253
77.80000000000001,200.52949941379867
78.0,213.72198578248768
78.2,54.16700833207718
78.4,42.24955538114375
78.60000000000001,31.274897316199166
78.80000000000001,17.771820364828447
79.0,7.562493631166306
79.2,8.484125560340738
79.4,10.538883794158009
79.60000000000001,8.785835983091545
79.80000000000001,4.607299022685041
80.0,0.9414266314594169
80.2,3.4036204331320645
80.4,4.627596839442901
80.60000000000001,4.127721348944612
80.80000000000001,2.5205481038259814
81.0,0.5045987783251589
81.2,1.6247601048173825
81.4,3.0659322539204568
81.60000000000001,3.465299093377774
81.80000000000001,2.5870299115584263
82.0,0.7504518418747675
82.2,1.69918609850036
82.4,3.3158580192256553
82.60000000000001,3.6163763876587542
82.80000000000001,2.471668353609096
83.0,1.1167437305218797
83.2,2.5914609945587355
83.4,3.8088715073746067
83.60000000000001,3.5687599887080834
83.80000000000001,2.1479126029041073
84.0,1.8765197285008215
84.2,3.40983037271003
84.4,4.041869330031688
84.60000000000001,3.239170945448723
84.80000000000001,1.9680793127099505
85.0,2.7261460322961617
85.2,3.958970210552256
85.4,3.9489823419385273
85.60000000000001,2.7685282380801595
85.80000000000001,2.228063816298436
86.0,3.465045749243542
86.2,4.188894159560173
86.4,3.5862648983317316
86.60000000000001,2.406179064099417
86.80000000000001,2.814524014930619
87.0,3.9820496283531233
87.2,4.104738652117892
87.4,3.079806784106199
87.60000000000001,2.4198570625782727
87.80000000000001,3.447173648489075
88.0,4.219917600014804
88.2,3.7573700609356204
88.4,2.6334714072638317
88.60000000000001,2.823897209887781
88.80000000000001,3.941269738659104
89.0,4.165972373888477
89.2,3.2496316288506404
89.4,2.4997501919631118
89.60000000000001,3.379474581295337
89.80000000000001,4.2011746024403465
90.0,3.851174996948567
90.2,2.754084047063022
90.4,2.7743018397617476
90.60000000000001,3.8682537986003074
90.80000000000001,4.190030030921034
91.0,3.3555257668778893
91.2,2.5114349074910574
91.4,3.2774187464196993
91.60000000000001,4.16425424198281
91.80000000000001,3.918379028963692
92.0,2.8242882872404445
92.2,2.6804624882606323
92.4,3.778222170850342
92.60000000000001,4.209130437544943
92.80000000000001,3.444192386358715
93.0,2.4842231448428205
93.2,3.1468169841398286
93.4,4.127504758025361
93.60000000000001,3.9946608091441433
93.80000000000001,2.885219561612511
94.0,2.5495726386778994
94.2,3.6777805386369513
94.4,4.249163974116117
94.60000000000001,3.5577109113313514
94.80000000000001,2.4459522306289885
95.0,2.9853381336672573
95.2,4.106051974470578
95.4,4.119656155127917
95.60000000000001,2.986697079091773
95.80000000000001,2.3869720243467785
96.0,3.5685443099088046
96.2,4.3441506178114
96.4,3.7585574108191246
96.60000000000001,2.4485896962671863
96.80000000000001,2.7834549604568446
97.0,4.121711270022913
97.2,4.363729983022059
97.4,3.2279261293304238
97.60000000000001,2.2203994613930993
97.80000000000001,3.4512393112396067
98.0,4.564809048411341
98.2,4.185489837302005
98.4,2.6464508371974205
98.60000000000001,2.5365054261890023
98.80000000000001,4.230080599133774
99.0,4.905893102004942
99.2,3.879277521580351
99.4,2.241096628485778
99.60000000000001,3.3519667262787194
99.80000000000001,5.124691528778017
100.0,5.2573111211913135
100.2,3.5785970885868053
100.4,2.407294272113945
100.60000000000001,4.66240784865487
100.80000000000001,6.3911070820937255
101.0,5.914556523862599
101.2,3.549381444020295
101.4,3.6256772053165878
101.60000000000001,7.036334723397573
101.80000000000001,8.899722063514766
102.0,7.6853120158836745
102.2,4.582338181184035
102.4,7.275910533340202
102.60000000000001,13.285682494656246
102.80000000000001,16.51792635171694
103.0,14.542042960838316
103.2,11.827894544891072
103.4,27.484017174739755
103.60000000000001,63.789942613001934
103.80000000000001,189.2550877776478
104.0,120.82582554915653
104.2,35.75643386793896
104.4,34.18336340548556
104.60000000000001,29.90026708048929
104.80000000000001,20.70357194672352
105.0,12.194788426800415
105.2,11.566212869121424
105.4,14.19277449807218
105.60000000000001,13.72680613381378
105.80000000000001,10.361974373965625
106.0,7.685421865541244
106.2,8.78471889480776
106.4,10.237118126863168
106.60000000000001,9.554873599916263
106.80000000000001,7.456401087981911
107.0,6.622627941749575
107.2,7.826681491520413
107.4,8.5579124239252
107.60000000000001,7.745258052704542
107.80000000000001,6.378763579079613
108.0,6.3585177306701155
108.2,7.387761072764678
108.4,7.70720188566849
108.60000000000001,6.890337873954027
108.80000000000001,6.006492406224032
109.0,6.359678328456517
109.2,7.246785035230755
109.4,7.340900193299007
109.60000000000001,6.521691872656186
109.80000000000001,5.935231265225048
110.0,6.558909162145731
110.2,7.407645412806214
110.4,7.305273255938792
110.60000000000001,6.381930493726827
110.80000000000001,6.073322634399327
111.0,7.072602877730558
111.2,7.897977669372728
111.4,7.453870071574353
111.60000000000001,6.352001155843789
111.80000000000001,6.582421214994264
112.0,8.08007479128845
112.2,8.693611128129211
112.4,7.645907308696712
112.60000000000001,6.549050586300217
112.80000000000001,7.850107454955218
113.0,9.758497327832313
113.2,9.734459138254905
113.4,7.841524421064035
113.60000000000001,7.565871194637965
113.80000000000001,10.471064961586933
114.0,12.376154869090971
114.2,11.035424515619546
114.4,8.44171934018709
114.60000000000001,10.887214175972032
114.80000000000001,15.69697620220697
115.0,16.85569613756846
115.2,13.10937323368689
115.4,11.944788936511799
115.60000000000001,21.010501727679095
115.80000000000001,29.267662348000655
116.0,28.923998144051843
116.2,21.3592536705412
116.4,39.93330600676078
116.60000000000001,101.6925910444064
116.80000000000001,339.24916434713566
117.0,147.7738066308286
117.2,36.149815421425004
117.4,44.811323973330616
117.60000000000001,39.702155625444234
117.80000000000001,23.764914590430287
118.0,7.3948338694460976
118.2,11.766240547002804
118.4,17.103603999932922
118.60000000000001,14.541352488229254
118.80000000000001,6.658184642954791
119.0,3.21285073885956
119.2,9.065535191368499
119.4,10.217016066263016
119.60000000000001,6.693250157581546
119.80000000000001,0.7270962917352638
120.0,4.702983122866079
120.2,7.258609270338963
120.4,6.186906607695818
120.60000000000001,2.542870769500724
120.80000000000001,2.3199856829158803
121.0,5.10389454840624
121.2,5.361632991083681
121.4,3.307784663004433
121.60000000000001,1.8143089256117537
121.80000000000001,3.768503824274522
122.0,4.54423361883174
122.2,3.4248637800253734
122.4,2.1609350072424536
122.60000000000001,3.3000207496853635
122.80000000000001,4.096934105358973
123.0,3.305940647337416
123.2,2.251675714892624
123.4,3.33008533409461
123.60000000000001,4.230821908062675
123.80000000000001,3.4571262376238527
124.0,2.002027670777362
124.2,3.2972182056149593
124.4,4.773350378842731
124.60000000000001,4.258645907557672
124.80000000000001,1.9958880847833151
125.0,2.828427124746181
125.2,5.357144096403243
125.4,5.660076432301156
125.60000000000001,3.1953013168576225
125.80000000000001,1.6975287278357756
126.0,5.659887419941295
126.2,7.4404507438829866
126.4,5.61686528553477
126.60000000000001,0.7077829970298752
126.80000000000001,5.400526158274712
127.0,9.487896705912362
127.2,9.25606911465943
127.4,4.131983426282155
127.60000000000001,4.247211327594546
127.80000000000001,11.938119808311017
128.0,14.985080314059742
128.20000000000002,10.754642631847103
128.4,2.722222749565015
128.6,15.74983993132475
128.8,26.99672464229216
129.0,27.8638105505299
129.20000000000002,13.833777803297982
129.4,29.656362623240156
129.6,100.9245033095503
129.8,405.67624657918753
130.0,130.595737397055
130.20000000000002,26.60632154963923
130.4,44.33417588868869
130.6,41.490267679397704
130.8,25.42097378263231
131.0,8.741893248459844
131.20000000000002,13.795359067714566
131.4,19.44977634404772
131.6,16.52630859895003
131.8,8.29713191989177
132.0,6.25835646914937
132.20000000000002,11.66073529496776
132.4,12.456550587739631
132.6,8.285093330070843
132.8,3.9193937240277905
133.0,7.372932975038054
133.20000000000002,9.727026159857722
133.4,8.012825673286153
133.6,3.974668448244654
133.8,4.664367697978844
134.0,7.60168981580737
134.20000000000002,7.525680842236573
134.4,4.5809039371116524
134.6,3.0354327443221174
134.8,5.8441729294277325
135.0,6.906944994693029
135.20000000000002,5.096391632593997
135.4,2.451180841692189
135.6,4.352889206818812
135.8,6.219409937968044
136.0,5.4504325782120375
136.20000000000002,2.736617426521247
136.4,3.0760335420580986
136.6,5.498265082949863
136.8,5.686552612672936
137.0,3.418551841376126
137.20000000000002,2.0282271779573184
137.4,4.753432477418995
137.6,5.861803561942801
137.8,4.254862919099977
138.0,1.4784328320332123
138.20000000000002,3.9748922341876245
138.4,6.036065844703737
138.6,5.2375565824109716
138.8,1.9779384697928004
139.0,3.1309913958497866
139.20000000000002,6.287708063867546
139.4,6.501047552783728
139.6,3.3688565627478217
139.8,2.1391022768865997
140.0,6.742013283400987
140.20000000000002,8.385110233633911
140.4,5.696179647566689
140.6,0.8047135724057117
140.8,7.630114759011495
141.0,11.77876067086521
141.20000000000002,10.170441697371574
141.4,2.2401988715445103
141.6,9.577167207738594
141.8,20.05491135566608
142.0,22.85916478323138
142.20000000000002,12.128292408338801
142.4,17.1953513255549
142.6,77.48472500952457
142.8,386.2273902193064
143.0,91.4295861602946
143.20000000000002,8.0240855610275
143.4,32.303791331194105
143.6,32.096821122029176
143.8,19.432007543423538
144.0,3.027156200237342
144.20000000000002,10.090286716621302
144.4,15.735275764549769
144.6,13.323534339822753
144.8,5.448852551783138
145.0,3.5895807571128207
145.20000000000002,9.698233715975478
145.4,10.615189197796225
145.6,6.592731094399956
145.8,0.06670404763120089
146.0,5.946929672411736
146.20000000000002,8.612729148325158
146.4,7.087471518577063
146.6,2.410040587698961
146.8,3.044524059335816
147.0,6.724920706294285
147.20000000000002,7.05943632453818
147.4,4.099394784031502
147.6,0.6193171165621238
147.8,4.794881055682959
148.0,6.554064917759266
148.20000000000002,5.187078819397779
148.4,1.4788706319531337
148.6,2.8273342597824755
148.8,5.620921320300825
149.0,5.710405523897877
149.20000000000002,3.1515886261999664
149.4,0.9925322671533416
149.6,4.343300059820928
149.8,5.697766923006965
150.0,4.391131635215927
150.20000000000002,1.2755500498446357
150.4,2.873864629726341
150.6,5.208108337568889
150.8,5.158679574726621
151.0,2.8464725859204525
151.20000000000002,1.6428090146720762
151.4,4.373449604959884
151.6,5.463732690712785
151.8,4.1864799178392875
152.0,1.9250218776971004
152.20000000000002,3.5059942016635652
152.4,5.423104495778288
152.6,5.210865814402412
152.8,3.336695974360732
153.0,3.318656318146764
153.20000000000002,5.420588571949023
153.4,6.072166952582332
153.60000000000002,4.910756089704851
153.8,4.5276157498133704
154.0,6.476907523046458
154.20000000000002,7.603822802104968
154.4,6.848285403964621
154.60000000000002,7.327073797326803
154.8,11.128984852982258
155.0,13.960078443489373
155.20000000000002,12.980932441655272
155.4,16.44259076677545
155.60000000000002,46.80480113709185
155.8,290.7516960129329
156.0,57.724949633287984
156.20000000000002,11.68786555531948
156.4,17.53973743761311
156.60000000000002,18.390407916098482
156.8,12.427380981698239
157.0,3.7231983808462625
157.20000000000002,4.509582678264074
157.4,8.65927113799879
157.60000000000002,8.405101074800925
157.8,4.661115555848233
158.0,0.6997155526033072
158.20000000000002,4.682339553183137
158.4,6.289606679186337
158.60000000000002,5.045284491081226
158.8,2.015601690493835
159.0,2.28078335580153
159.20000000000002,4.521972753767778
159.4,4.813312100058454
159.60000000000002,3.210521671448619
159.8,1.4720559259736996
160.0,2.9536240003223577
160.20000000000002,4.1249668913704856
160.4,3.7192413489853076
160.60000000000002,2.208819342935503
160.8,1.8572966833835636
161.0,3.1605017674369207
161.20000000000002,3.655974982781344
161.4,2.936424407294986
161.60000000000002,1.8046329201479592
161.8,2.1837323078779294
162.0,3.1430964928434464
162.20000000000002,3.2411216590161436
162.4,2.4211843433641227
162.60000000000002,1.691911066429184
162.8,2.353602279752267
163.0,3.0773221872729937
163.20000000000002,2.938813778017812
163.4,2.050378120933614
163.60000000000002,1.627708439737702
163.8,2.4912503560541914
164.0,3.0798811886345474
164.20000000000002,2.7087732367462793
164.4,1.6456623407688271
164.60000000000002,1.6233691300210742
164.8,2.754920101046671
165.0,3.1793477382784006
165.20000000000002,2.4255479750546494
165.4,1.054036953329596
165.60000000000002,1.9341173260431455
165.8,3.2591138553977568
166.0,3.332225860896074
166.20000000000002,1.9342516283962197
166.4,0.5860297306037651
166.60000000000002,2.878023688916676
166.8,4.126089776724329
167.0,3.5749947245630116
167.20000000000002,1.4648004970437845
167.4,2.425317974177731
167.60000000000002,5.125932209423398
167.8,6.197067768289139
168.0,5.429738752670724
168.20000000000002,6.144874064387912
168.4,11.780047063509201
168.60000000000002,22.65806029323757
168.8,150.98201429809254
169.0,32.194689637375085
169.20000000000002,16.91819351021501
169.4,9.125480974552568
169.60000000000002,4.524898627101729
169.8,5.750289123739178
170.0,6.852162560321062
170.20000000000002,5.424715787494565
170.4,2.3035228465682334
170.60000000000002,2.1403186246713193
170.8,4.37090431319792
171.0,4.6673483355361896
171.20000000000002,2.9330211452591364
171.4,0.2932793718347156
171.60000000000002,2.644849661714611
171.8,3.9593442997724555
172.0,3.432541996422197
172.20000000000002,1.4081448085139954
172.4,1.1581879445296952
172.60000000000002,3.058929195148671
172.8,3.5072022038835446
173.0,2.3733839143006197
173.20000000000002,0.4371843067259038
173.4,2.0114262687899815
173.60000000000002,3.18590054222513
173.8,2.913704693556402
174.0,1.4030991892834421
174.20000000000002,0.9794733806534729
174.4,2.5504610892983055
174.60000000000002,3.042641585217752
174.8,2.201341082878343
175.0,0.7043613885212114
175.20000000000002,1.7208570996338988
175.4,2.800272731749187
175.60000000000002,2.6690086940978315
175.8,1.4445927426814402
176.0,0.9164332011944046
176.20000000000002,2.2592804280499226
176.4,2.7819533166815757
176.60000000000002,2.1205139330878184
176.8,0.833612894814368
177.0,1.535540609704641
177.20000000000002,2.5589255793698524
177.4,2.5256683837770284
177.60000000000002,1.4778752861514541
177.8,0.8686148141445564
178.0,2.0592328514047007
178.20000000000002,2.6134640739006776
178.4,2.0769776516113962
178.60000000000002,0.9025053837207834
178.8,1.3929419676995427
179.0,2.3902655783618734
179.20000000000002,2.435495125826052
179.4,1.5049228811731932
179.60000000000002,0.8163068998675425
179.8,1.9067920538525562
180.0,2.4986800975451042
180.20000000000002,2.05668712517335
180.4,0.9415451406873561
180.60000000000002,1.2692897818252171
180.8,2.2662955576601114
181.0,2.381390710067479
181.20000000000002,1.5318236729549324
181.4,0.7541960809783932
181.60000000000002,1.7833662469110976
181.8,2.4223346998887894
182.0,2.0566067478577885
182.20000000000002,0.9658812783081375
182.4,1.153097480436909
182.60000000000002,2.1754446796890834
182.8,2.358098471709674
183.0,1.564663775710905
183.20000000000002,0.6791645462419691
183.4,1.681116230280088
183.60000000000002,2.3800482237286533
183.8,2.0788642471770435
184.0,0.9849035677239404
184.20000000000002,1.0381070591969148
184.4,2.115571387966738
184.60000000000002,2.367717601501821
184.8,1.6102599356506755
185.0,0.5868922916022475
185.20000000000002,1.6000636748934032
185.4,2.3762149897684517
185.60000000000002,2.130543603980524
185.8,1.006087181503911
186.0,0.9228879745518905
186.20000000000002,2.0948068683041323
186.4,2.42111027342509
186.60000000000002,1.6781425239442274
186.8,0.46936843394261485
187.0,1.5526112780687287
187.20000000000002,2.428857137913789
187.4,2.2275065232415656
187.60000000000002,1.037248437410939
187.8,0.8202938411192857
188.0,2.1421956816586443
188.20000000000002,2.547244830859824
188.4,1.7851808357682606
188.60000000000002,0.31115359970187045
188.8,1.5842945092906056
189.0,2.5900196707968277
189.20000000000002,2.4081423861537212
189.4,1.089148162590066
189.60000000000002,0.8051726571417457
189.8,2.3488263381965817
190.0,2.829011068614825
190.20000000000002,1.9706765089431744
190.4,0.13288548020392243
190.60000000000002,1.8534726183675898
190.8,3.0303210630463786
191.0,2.7912074348479723
191.20000000000002,1.1826169346808697
191.4,1.1726551448155673
191.60000000000002,3.0555400849260463
191.8,3.5825675279785005
192.0,2.3728311425521738
192.20000000000002,0.5872438173352087
192.4,3.021253400757278
192.60000000000002,4.5590808335760125
192.8,3.976381698679813
193.0,1.3957407632598968
193.20000000000002,3.1144113682194683
193.4,6.434452092249347
193.60000000000002,7.226635095999346
193.8,4.207061176660892
194.0,3.6030263529561313
194.20000000000002,13.122832566507777
194.4,22.93220371824654
194.60000000000002,29.68275079852581
194.8,124.61884834004782
195.0,33.271600856437324
195.20000000000002,24.531584107583132
195.4,13.854391740155924
195.60000000000002,3.506341772526431
195.8,4.311005196245374
196.0,7.885651692068457
196.20000000000002,7.369305429122322
196.4,4.043737358100188
196.60000000000002,1.2872273691119445
196.8,4.042691919063875
197.0,5.239474027644753
197.20000000000002,4.220694092072278
197.4,1.985926083524846
197.60000000000002,2.1305964568582976
197.8,3.7741480447511706
198.0,4.049119183214359
198.20000000000002,2.9104616292059653
198.4,1.6705298667651656
198.60000000000002,2.556874532813025
198.8,3.5397543067430135
199.0,3.3974652330958612
199.20000000000002,2.356237195980709
199.4,1.8618543236433178
199.60000000000002,2.78691943890157
199.8,3.4167643402598484
200.0,3.086723836853636
200.20000000000002,2.1709773359096283
200.4,2.0906119678482447
200.60000000000002,3.009192028238909
200.8,3.4657726295973763
201.0,2.9908923695888197
201.20000000000002,2.105316752516912
201.4,2.3572814886419424
201.60000000000002,3.3735819226921135
201.8,3.694940013245419
202.0,2.9721195540520213
202.20000000000002,2.0636164430445674
202.4,2.8230140222051174
202.60000000000002,3.985689557201297
202.8,4.059546639480808
203.0,2.9026068181290916
203.20000000000002,2.165080168248402
203.4,3.697636419551244
203.60000000000002,4.917181697414283
203.8,4.495661037379334
204.0,2.691284281356469
204.20000000000002,2.8208464124974304
204.4,5.231907941108688
204.60000000000002,6.288379901975384
204.8,4.955802054953616
205.0,2.3894556319284788
205.20000000000002,4.685480977118393
205.4,7.976416865818164
205.60000000000002,8.514827835281906
205.8,5.451560535328592
206.0,3.06421220095956
206.20000000000002,9.341052685908352
206.4,14.152751160061403
206.60000000000002,13.623172859820258
206.8,6.28751620316328
207.0,10.198315744804203
207.20000000000002,29.299186905863372
207.4,49.31626527367953
207.60000000000002,67.16059689437313
207.8,197.27843203524083
208.0,56.82430798672321
208.20000000000002,46.793580201029336
208.4,29.63742395921792
208.60000000000002,11.186765379907595
208.8,3.9361701416509516
209.0,12.629459802976042
209.20000000000002,14.173718527989584
209.4,9.966559098936125
209.60000000000002,2.995378014063021
209.8,4.235679400630542
210.0,8.193168486185773
210.20000000000002,8.391729405277404
210.4,5.342381789491428
210.60000000000002,1.4598614220199535
210.8,4.191869417007766
211.0,6.394198412389472
211.20000000000002,5.974996216392097
211.4,3.4113339180625775
211.60000000000002,1.6157919714354458
211.8,4.12475808989887
212.0,5.497047154106853
212.20000000000002,4.752739393821011
212.4,2.4242496464572603
212.60000000000002,1.9492627938499842
212.8,4.217932318170957
213.0,5.124564106627296
213.20000000000002,4.062816909780052
213.4,1.7248275926975476
213.60000000000002,2.4236287698544
213.8,4.5938455298562095
214.0,5.075727391679257
214.20000000000002,3.5145017393187477
214.4,1.103397010453283
214.60000000000002,3.261259676172937
214.8,5.271747952940054
215.0,5.143451259497983
215.20000000000002,2.807027663963425
215.4,1.3208355356640422
215.60000000000002,4.575407003495101
215.8,6.181131400669598
216.0,5.106863411615642
216.20000000000002,1.6744400051507498
216.4,2.9368666060529396
216.60000000000002,6.415563054478943
216.8,7.2251900492508
217.0,4.72162324172548
217.20000000000002,0.29185303900743825
217.4,5.642260156271369
217.60000000000002,8.93700158131973
217.8,8.339030018644786
218.0,3.638054786389498
218.20000000000002,3.5567975681175628
218.4,10.079916387861372
218.60000000000002,12.753753063663398
218.8,9.585881475858335
219.0,1.5085444615027515
219.20000000000002,10.502249657245429
219.4,19.376604878254973
219.60000000000002,20.90564624865258
219.8,11.819497841270135
220.0,10.088938127948053
220.20000000000002,38.40504255875757
220.4,70.5292427424604
220.60000000000002,106.57380224932562
220.8,216.17183529149693
221.0,69.74968442162283
221.20000000000002,60.3378219515625
221.4,38.38778403831448
221.60000000000002,14.279787270183496
221.8,7.565684329712468
222.0,17.34038165616466
222.20000000000002,17.9214613305133
222.4,11.190051636617747
222.60000000000002,2.5127103398430797
222.8,7.420843632315089
223.0,10.886888034618034
223.20000000000002,9.177158314705313
223.4,3.921898856873751
223.60000000000002,2.837555762870702
223.8,6.7932106989223096
224.0,7.366540896843644
224.20000000000002,4.613700531251133
224.4,0.769557801981218
224.60000000000002,3.995725346816831
224.8,5.694500308189889
225.0,4.610354532744462
225.20000000000002,1.5235973967363876
225.4,2.013947773907389
225.60000000000002,4.213735889783406
225.8,4.218642771810307
226.0,2.2107256459430658
226.20000000000002,0.7142725819206998
226.4,3.0171736262021516
226.60000000000002,3.6724638244689936
226.8,2.483510432787407
227.0,0.605854525228209
227.20000000000002,2.2527345012767586
227.4,3.20186246177115
227.60000000000002,2.513311447150073
227.8,1.0126062576247004
228.0,2.049982889200458
228.20000000000002,3.0802799336410995
228.4,2.573448130017261
228.60000000000002,1.1355362913640483
228.8,2.2211504144436534
229.0,3.502759601009436
229.20000000000002,3.086446818593518
229.4,1.1608336598479316
229.60000000000002,2.341590281086102
229.8,4.392943837509883
230.0,4.409593744251594
230.20000000000002,2.0220998225509934
230.4,2.0017851073943054
230.60000000000002,5.518706806743785
230.8,6.703385668568825
231.0,4.4518386035202715
231.20000000000002,0.7432213422452227
231.4,6.631306924977454
231.60000000000002,10.306349762776907
231.8,9.258915729429537
232.0,3.004385941566232
232.20000000000002,7.438233913246968
232.4,16.67133899888714
232.60000000000002,20.076372259426076
232.8,13.455483791024438
233.0,7.865085322954025
233.20000000000002,36.26629432056725
233.4,73.04962501584605
233.60000000000002,124.30604603325237
233.8,186.09791859902597
234.0,66.08286540221738
234.20000000000002,62.852197502678905
234.4,42.639000278696045
234.60000000000002,17.55651219431162
234.8,8.203160279764576
235.0,19.73216753418872
235.20000000000002,21.512058976762244
235.4,14.378206028611718
235.60000000000002,4.026143351718053
235.8,8.828562233998698
236.0,13.922837345505048
236.20000000000002,12.6045954587783
236.4,6.303274704248018
236.60000000000002,3.2480515544492343
236.8,8.959473637101569
237.0,10.723074560524507
237.20000000000002,7.750790035764186
237.4,2.1620527211396072
237.60000000000002,4.974532370869166
237.8,8.50620501499682
238.0,8.137833969510023
238.20000000000002,4.281328523772595
238.4,1.6867093984081534
238.60000000000002,5.980684246871107
238.8,7.605703401823649
239.0,5.79265722829988
239.20000000000002,1.5799787356800297
239.4,3.2760908986664092
239.60000000000002,6.2970200978972635
239.8,6.397400780763769
240.0,3.657954139040499
240.20000000000002,0.5822575395918219
240.4,4.382522054560818
240.60000000000002,6.0948687983423815
240.8,5.064301328804925
241.0,1.8989162680440042
241.20000000000002,2.1287068244063807
241.4,4.9523208194829405
241.60000000000002,5.601425722150644
241.8,3.912323012748346
242.0,1.2462393988573914
242.20000000000002,3.1649654984249973
242.4,5.173636640727729
242.60000000000002,5.2215560273471535
242.8,3.4690892586589595
243.0,1.8963823359317307
243.20000000000002,3.7765275316720683
243.4,5.55429569158761
243.60000000000002,5.705475461110653
243.8,4.118302164034807
244.0,2.3316856434397675
244.20000000000002,4.5439568370054895
244.4,7.385697064606657
244.60000000000002,8.128900491012054
244.8,5.685645897541837
245.0,1.9118971052989324
245.20000000000002,8.0154346010763
245.4,14.049906991138855
245.60000000000002,15.404585910954886
245.8,9.103828307407092
246.0,6.232469868603935
246.20000000000002,29.796238300869874
246.4,60.60710349226418
246.60000000000002,111.31165680818312
246.8,130.57268834216845
247.0,45.42240150848183
247.20000000000002,47.682899403775856
247.4,35.39567112986605
247.60000000000002,18.12074396287353
247.8,7.902455184622437
248.0,14.513871943203625
248.20000000000002,17.454833757240298
248.4,13.97718082776038
248.60000000000002,7.633786083490304
248.8,7.042119664758049
249.0,10.777408763847442
249.20000000000002,11.341575706776782
249.4,8.435194271512229
249.60000000000002,5.439150414492784
249.8,6.96582237632541
250.0,8.944271909999147
250.20000000000002,8.401375921923476
250.4,6.045017817109663
250.60000000000002,5.1379766995822935
250.8,6.793027231456447
251.0,7.66374121823778
251.20000000000002,6.655589894778717
251.4,5.029434452996157
251.60000000000002,5.2344060893055016
251.8,6.50918140679551
252.0,6.7093838967722705
252.20000000000002,5.6192260478876515
252.4,4.690661538638746
252.60000000000002,5.323706866124387
252.8,6.2127989929259355
253.0,6.052670624825555
253.20000000000002,5.052512727944521
253.4,4.613884977433968
253.60000000000002,5.382981860256252
253.8,6.024258772044869
254.0,5.668407887973954
254.20000000000002,4.742359665213014
254.4,4.630739393118084
254.60000000000002,5.531355666840134
254.8,6.037360808836396
255.0,5.47253649610944
255.20000000000002,4.526231346242704
255.4,4.797951096470537
255.60000000000002,5.944672224042962
255.8,6.285920513558588
256.0,5.337136573385426
256.2,4.3848845478406995
256.40000000000003,5.380838790942762
256.6,6.825643058537306
256.8,6.766178899802495
257.0,5.146508107952665
257.2,4.6288149672617065
257.40000000000003,6.9156890091269325
257.6,8.543613784053733
257.8,7.573184934697033
258.0,4.910619378143129
258.2,6.515388605469235
258.40000000000003,11.010066959916074
258.6,12.788318400303671
258.8,9.661565657209902
259.0,6.142093508296269
259.2,18.330864231180122
259.40000000000003,37.625381575440194
259.6,72.29426450544786
259.8,56.80571772490208
260.0,18.637846004148383
260.2,21.205577273955676
260.40000000000003,14.924867292949331
260.6,6.3420462816182175
260.8,1.8693050721551205
261.0,5.412158340127118
261.2,5.769598890931811
261.40000000000003,3.718887435280459
261.6,1.9698187478244091
261.8,2.9538445625046403
262.0,3.2990170641448073
262.2,2.305953559793942
262.40000000000003,1.6117368013471756
262.6,2.502404649112679
262.8,2.791656586846562
263.0,1.8655282005902976
263.2,0.8531123706306234
263.40000000000003,2.056132643214561
263.6,2.765354154819607
263.8,2.196827553338447
264.0,0.6317675986710701
264.2,1.334989225315815
264.40000000000003,2.568001466424733
264.6,2.5970417654324707
264.8,1.4075271585763411
265.0,0.4545385735373494
265.2,2.075724537171404
265.40000000000003,2.735000758915072
265.6,2.1314069017584236
265.8,0.6306353568802817
266.0,1.3579009830556164
266.2,2.5397773573347218
266.40000000000003,2.5842104467143914
266.6,1.4976082879811656
266.8,0.6716443857845277
267.0,2.047026890490136
267.2,2.704089885663631
267.40000000000003,2.184114140000636
267.6,0.8926601917710366
267.8,1.3719694315351094
268.0,2.4910315990590837
268.2,2.5911547274046
268.40000000000003,1.6274838388694275
268.6,0.8280331563424577
268.8,2.0001077508545353
269.0,2.675434233006456
269.2,2.245549347724644
269.40000000000003,1.0773878748830394
269.6,1.3607937612498258
269.8,2.441474218101947
270.0,2.6054251774407975
270.2,1.7396967955147855
270.40000000000003,0.9169404915896888
270.6,1.9464970593408684
270.8,2.6558629356963723
271.0,2.3086683852027314
271.2,1.208004380788304
271.40000000000003,1.3294723450102093
271.6,2.3985854836222384
271.8,2.631570712872029
272.0,1.8411384133814523
272.2,0.9644174077351682
272.40000000000003,1.8907492670956003
272.6,2.6513721493256206
272.8,2.381654028156015
273.0,1.312532288634181
273.2,1.281657837740836
273.40000000000003,2.3667431223575917
273.6,2.67784469922151
273.8,1.9468117780515353
274.0,0.9881345336913487
274.2,1.834620079977014
274.40000000000003,2.669023995547084
274.6,2.477458426054789
274.8,1.413545956221087
275.0,1.217995527219061
275.2,2.3505349483812386
275.40000000000003,2.7566332365229598
275.6,2.0757239189387207
275.8,1.002661668893274
276.0,1.7785879660115362
276.2,2.719855894242634
276.40000000000003,2.6159623915498877
276.6,1.5355713266311115
276.8,1.1359989216266215
277.0,2.3573401623787733
277.2,2.8892612735311376
277.40000000000003,2.256885445151336
277.6,1.0276691418454627
277.8,1.7223734567428834
278.0,2.8245702337180707
278.2,2.833216985267873
278.40000000000003,1.7170683204567072
278.6,1.0292734363680964
278.8,2.4019620506166146
279.0,3.1187383467448546
279.2,2.5462743284661227
279.40000000000003,1.1050097506093521
279.6,1.6648327062738435
279.8,3.0287332253273975
280.0,3.2083404202183337
280.2,2.0396772797535214
280.40000000000003,0.8875881818072129
280.6,2.5199743806173736
280.8,3.5500966757775534
281.0,3.081316030920378
281.2,1.3493134143701022
281.40000000000003,1.6025426360202024
281.6,3.4571422177343267
281.8,3.964032992589596
282.0,2.7365436076795278
282.2,0.7340291093060749
282.40000000000003,2.8235555741117127
282.6,4.5300343901930535
282.8,4.335153040478279
283.0,2.1640687661196556
283.2,1.520910575958276
283.40000000000003,4.620821396066311
283.6,6.079651811247657
283.8,4.901891578098892
284.0,1.2725089598870063
284.2,3.95283546101471
284.40000000000003,8.301979364149517
284.6,9.830040956130468
284.8,6.901813407547939
285.0,1.2443102541670594
285.2,14.165352674681412
285.40000000000003,32.96892028701637
285.6,78.13006392081687
285.8,44.32736932301823
286.0,9.505105481653201
286.2,16.143868693310306
286.40000000000003,13.874063691686146
286.6,8.106107806219459
286.8,1.7972945654039318
287.0,3.0690142305359975
287.2,5.423108018732778
287.40000000000003,5.196805499414518
287.6,3.0976266566906365
287.8,0.2702413158689899
288.0,2.1482524937134517
288.2,3.3440727553701537
288.40000000000003,3.0805821140040024
288.6,1.6735695333811464
288.8,0.32149442636644926
289.0,1.8175368474422717
289.2,2.5235864432349953
289.40000000000003,2.1852260210497265
289.6,1.055222493247388
289.8,0.614134230841568
290.0,1.7017347301059367
290.2,2.1378270388516913
290.40000000000003,1.7340549543750545
290.6,0.7614709115281554
290.8,0.8243747233595496
291.0,1.70951617717271
291.2,1.9820299859208454
291.40000000000003,1.4950462684808257
291.6,0.5878485212218764
291.8,1.042051165123368
292.0,1.8562501752657292
292.2,1.982583907900773
292.40000000000003,1.3156447756978857
292.6,0.4475113438253208
292.8,1.4119720747879267
293.0,2.175540974226628
293.2,2.0508283715946796
293.40000000000003,1.0271830362964973
293.6,0.7017411232882815
293.8,2.0640779054204894
294.0,2.64615275318082
294.2,2.0418995673631524
294.40000000000003,0.43909410054241105
294.6,1.6235638343914343
294.8,3.065668913897406
295.0,3.183935207533539
295.2,1.7419650552993016
295.40000000000003,0.769403021931932
295.6,3.2662910545011656
295.8,4.504507242509094
296.0,3.6546246659863417
296.2,0.8080175231221578
296.40000000000003,3.1302107925840548
296.6,6.199449745104018
296.8,6.731000932336011
297.0,3.8260832531193985
297.2,2.3323977602889436
297.40000000000003,8.938249807257446
297.6,13.285347089903704
297.8,11.957642012217164
298.0,3.4011438125896034
298.2,17.71532294565898
298.40000000000003,50.10437854626539
298.6,142.24539445219935
298.8,71.26534877015173
299.0,16.84296746900782
299.2,27.946093543334673
299.40000000000003,24.220616210456928
299.6,13.466026512460985
299.8,2.801647157660574
300.0,8.506508083520414
300.2,11.894182036976737
300.40000000000003,9.774335396157696
300.6,4.180154550465422
300.8,3.236677556913923
301.0,7.282733180336457
301.2,7.930074775205452
301.40000000000003,5.171691026103256
301.6,1.528112412762719
301.8,4.385475910088387
302.0,6.395911658825929
302.2,5.544096694628017
302.40000000000003,2.5770736572667787
302.6,2.3222793174133955
302.8,4.892324168075738
303.0,5.425424178537523
303.2,3.676952551155337
303.40000000000003,1.4972035382350055
303.6,3.4247413961973425
303.8,4.907659577518585
304.0,4.334998795523928
304.2,2.268816973637467
304.40000000000003,2.214610093448349
304.6,4.1043775378079035
304.8,4.540730051708805
305.0,3.2463270906116484
305.2,1.8651362638939055
305.40000000000003,3.2091100245281936
305.6,4.356646582308602
305.8,3.9365949185761044
306.0,2.5250679070050124
306.2,2.596122317757068
306.40000000000003,3.9309429285761834
306.6,4.268179080659951
306.8,3.401901715132846
307.0,2.7389165595280565
307.20000000000005,3.574273633595477
307.40000000000003,4.320349344957047
307.6,4.097358317690724
307.8,3.542968106354341
308.0,3.784183723283257
308.20000000000005,4.395273193120984
308.40000000000003,4.552730776729298
308.6,4.540193231051489
308.8,4.8899396969904725
309.0,5.178283933976076
309.20000000000005,5.0647931092251754
309.40000000000003,5.49108828075712
309.6,6.897457490159538
309.8,7.723636740436245
310.0,6.909370952159933
310.20000000000005,6.634604983966381
310.40000000000003,10.330137523694523
310.6,14.46323553199381
310.8,14.818084871461707
311.0,11.47866777107894
311.20000000000005,21.401391373340466
311.40000000000003,54.95365728238356
311.6,177.88618650007146
311.8,83.92165606692296
312.0,20.3286889081503
312.20000000000005,27.696352751970252
312.40000000000003,24.730389360832035
312.6,14.51081968251534
312.8,3.6167801521532286
313.0,8.107032679802117
313.20000000000005,11.847964522126771
313.40000000000003,9.967685071749992
313.6,4.242616689034895
313.8,2.6222800539468483
314.0,7.0588120162001795
314.20000000000005,7.838417827492178
314.40000000000003,5.016679171985157
314.6,0.2697394953033227
314.8,4.142687848944902
315.0,6.219802657740757
315.20000000000005,5.25871107459947
315.40000000000003,1.9571930690245665
315.6,2.0335236841841007
315.8,4.774829321490248
316.0,5.120695703813633
316.20000000000005,3.05817950678259
316.40000000000003,0.5119065547793814
316.6,3.425104776773377
316.8,4.719453801049828
317.0,3.734136624959667
317.20000000000005,1.0630904709948292
317.40000000000003,2.1467335090409843
317.6,4.129226042713283
317.8,4.098724836648297
318.0,2.1113502970507985
318.20000000000005,0.9233306329191631
318.40000000000003,3.3890738056367895
318.6,4.218295036364695
318.8,2.9958354765301425
319.0,0.33010646675795113
319.20000000000005,2.514037856091221
319.40000000000003,4.125983592178532
319.6,3.729364855475516
319.8,1.5079052873323286
320.0,1.5361612251685848
320.20000000000005,3.841225509124537
320.40000000000003,4.327036595170416
320.6,2.7337093638775207
320.8,0.8708833868092379
321.0,3.422788069694008
321.20000000000005,4.822715346870015
321.40000000000003,4.023369070995662
321.6,1.8380234592638969
321.8,3.1350466122437064
322.0,5.36713340893089
322.20000000000005,5.517172834027002
322.40000000000003,3.742891477624131
322.6,3.7995862071543143
322.8,6.559196988721075
323.0,7.8243774518424685
323.20000000000005,6.805589976276571
323.40000000000003,6.898634930398005
323.6,10.834610494035408
323.8,14.334811585046598
324.0,15.304436561656214
324.20000000000005,20.359669781270338
324.40000000000003,44.99259512045886
324.6,174.27624060048257
324.8,83.47670251074197
325.0,28.97956117440208
325.20000000000005,25.204326905377428
325.40000000000003,20.703346358884737
325.6,12.791243209464117
325.8,7.381262291480666
326.0,9.721012432574888
326.20000000000005,11.206701993457768
326.40000000000003,8.750968791064368
326.6,4.452959493286247
326.8,5.056997134980743
327.0,7.76119395027603
327.20000000000005,7.551647982771736
327.40000000000003,4.528441954904067
327.6,2.5657135817667416
327.8,5.40337360483755
328.0,6.689541821656481
328.20000000000005,5.159195725971612
328.40000000000003,2.0763645896846126
328.6,3.360472088480153
328.8,5.661664674572467
329.0,5.555919020377345
329.20000000000005,3.138844571049285
329.40000000000003,1.6579335295871138
329.6,4.367871109670133
329.8,5.516478784787754
330.0,4.243094868001539
330.20000000000005,1.4961678602477424
330.40000000000003,2.8628834442311732
330.6,5.001201000809742
330.8,4.9685432217540155
331.0,2.8040149403387047
331.20000000000005,1.426500536534444
331.40000000000003,4.045088306107663
331.6,5.2052371463430775
331.8,4.080563313901184
332.0,1.4984193577783544
332.20000000000005,2.763534533941093
332.40000000000003,4.925392232056816
332.6,5.008620072696978
332.8,2.9714812802149373
333.0,1.5691823972187846
333.20000000000005,4.165380392736729
333.40000000000003,5.485454917055026
333.6,4.488520621316926
333.8,2.0089569254760824
334.0,3.09106339701943
334.20000000000005,5.48579247328065
334.40000000000003,5.802498391743969
334.6,3.8482268974919376
334.8,2.427926947338271
335.0,5.106291774152133
335.20000000000005,6.905903902332804
335.40000000000003,6.166798144117284
335.6,3.8386233616621577
335.8,4.876397502266119
336.0,8.129585150490653
336.20000000000005,9.372994414521893
336.40000000000003,7.93674309866702
336.6,7.175812197191327
336.8,11.637036541120048
337.0,17.619214422623934
337.20000000000005,22.68931624805593
337.40000000000003,32.40351245353488
337.6,135.04728442561964
337.8,66.81875215568724
338.0,27.143147866218996
338.20000000000005,16.508923694348468
338.40000000000003,11.967939600256253
338.6,8.724789302152747
338.8,6.225991510861255
339.0,5.6874976776845365
339.20000000000005,5.999770796138111
339.40000000000003,5.239878556007496
339.6,3.351785649187028
339.8,2.343478231402471
340.0,3.4868562114190276
340.20000000000005,4.00674285774799
340.40000000000003,3.0574767558583
340.6,1.253274798712089
340.8,1.6736530640791074
341.0,2.947795730275219
341.20000000000005,2.9840816630797877
341.40000000000003,1.7696052514429534
341.6,0.25944399043707955
341.8,1.827762103622787
342.0,2.6163171433047263
342.20000000000005,2.236732589158419
342.40000000000003,0.9339541629452002
342.6,0.7330698771940785
342.8,1.9524243412684719
343.0,2.297774954162412
343.20000000000005,1.6775368297209632
343.40000000000003,0.5308106169218668
343.6,1.120885635323501
343.8,1.9689890710751965
344.0,2.0208099691195938
344.20000000000005,1.2940225002416774
344.40000000000003,0.5147319087745772
344.6,1.339707969018912
344.8,1.9586077490068623
345.0,1.822120331825761
345.20000000000005,1.0095947301148418
345.40000000000003,0.5901337677065346
345.6,1.5233641619929708
345.8,1.9996177434700648
346.0,1.6723103033315985
346.20000000000005,0.6719499474381219
346.40000000000003,0.7803922083114402
346.6,1.804874624179051
346.8,2.105003737848691
347.0,1.4837111523325008
347.20000000000005,0.18193782489251253
347.40000000000003,1.3055144526514955
347.6,2.2537959389336732
347.8,2.2320114399146784
348.0,1.2743393223957737
348.20000000000005,1.0028755776505285
348.40000000000003,2.3029287152984432
348.6,2.915616556801821
348.8,2.478757351883182
349.0,2.066740621456398
349.20000000000005,3.21046555398336
349.40000000000003,4.295318931969669
349.6,4.29886482278999
349.8,4.860610492156196
350.0,8.449432601201481
350.20000000000005,13.247663075136881
350.40000000000003,17.72786787297082
350.6,71.48082402904394
350.8,39.96324279538051
351.0,21.410132339506916
351.20000000000005,10.7975175032277
351.40000000000003,3.3746761657523208
351.6,5.465573349267889
351.8,7.528478713588644
352.0,6.319144600953885
352.20000000000005,2.8514274152016985
352.40000000000003,1.567183966687154
352.6,4.3354570627479285
352.8,5.013013821185066
353.0,3.4532287573761304
353.20000000000005,0.5509480599891149
353.40000000000003,2.352907276594375
353.6,3.968937872989804
353.8,3.7083558471383573
354.0,1.822706478801164
354.20000000000005,0.8018488531178837
354.40000000000003,2.8709746244206986
354.6,3.5684059153643424
354.8,2.6451734313969815
355.0,0.6804286276671799
355.20000000000005,1.7251012538228905
355.40000000000003,3.08352049232764
355.6,3.0357703493828403
355.8,1.671047997273518
356.0,0.7177858444767923
356.20000000000005,2.337607002158112
356.40000000000003,3.027550048487037
356.6,2.378504717141193
356.8,0.856373662854953
357.0,1.455768956543742
357.20000000000005,2.672281565190104
357.40000000000003,2.738652385787923
357.6,1.648939483511128
357.8,0.7294396452599636
358.0,2.051977600903017
358.20000000000005,2.7458123410361104
358.40000000000003,2.261651412946576
358.6,0.9708067809683172
358.8,1.2986085994336545
359.0,2.4315493426882306
359.20000000000005,2.579593709207879
359.40000000000003,1.660625700796629
359.6,0.7461937333892869
359.8,1.8671854517432591
360.0,2.5767196432632224
360.20000000000005,2.208224625251135
360.40000000000003,1.0506118016942156
360.6,1.185755654885059
360.8,2.2727811256038337
361.0,2.489552292166204
361.20000000000005,1.6863581974103345
361.40000000000003,0.7530294437159852
361.6,1.7321225438971166
361.8,2.4694450046067145
362.0,2.1906333121672907
362.20000000000005,1.1115276670763696
362.40000000000003,1.0900674104768742
362.6,2.1609951151348037
362.8,2.442520743620148
363.0,1.7219915589326134
363.20000000000005,0.7473011032988446
363.40000000000003,1.6240223998719114
363.6,2.4028511964450074
363.8,2.1991487854908582
364.0,1.1625681160107706
364.20000000000005,0.9969779556855689
364.40000000000003,2.0804799895402994
364.6,2.428395037930572
364.8,1.7682248677110037
365.0,0.7277820531260062
365.20000000000005,1.531372884253774
365.40000000000003,2.3686474803983866
365.6,2.2318624560757288
365.8,1.2098183393935453
366.0,0.895779177912839
366.20000000000005,2.025285829682751
366.40000000000003,2.4456406279997447
366.6,1.828499075357242
366.8,0.6922036405567006
367.0,1.4493344325388429
367.20000000000005,2.3672381817386237
367.40000000000003,2.292565397567997
367.6,1.2584861332139063
367.8,0.7762387403559268
368.0,1.998363674438296
368.20000000000005,2.500958018319541
368.40000000000003,1.9095929033923533
368.6,0.6363759725889494
368.8,1.382412924185911
369.0,2.4106266484207777
369.20000000000005,2.393004799787079
369.40000000000003,1.314603326848074
369.6,0.6312652847153054
369.8,2.0199265322778444
370.0,2.6161708983485443
370.20000000000005,2.0250513285799956
370.40000000000003,0.5560053238680323
370.6,1.363809643395577
370.8,2.5390337982018925
371.0,2.563535437070632
371.20000000000005,1.3880916679716067
371.40000000000003,0.5082118714158516
371.6,2.164733813880279
371.8,2.857373180890175
372.0,2.207387930288595
372.20000000000005,0.47966730305875993
372.40000000000003,1.5430190290264918
372.6,2.8948562439424057
372.8,2.8993492552635804
373.0,1.5040677292023201
373.20000000000005,0.8186300628634551
373.40000000000003,2.7434255502415494
373.6,3.486738951728007
373.8,2.5686095496623467
374.0,0.7623314969308331
374.20000000000005,2.599252717388904
374.40000000000003,4.195766672502545
374.6,3.8851587072823577
374.8,1.7920339408199848
375.0,2.828427124746156
375.20000000000005,5.803515833730109
375.40000000000003,6.584844791676979
375.6,4.040143198587648
375.8,3.994418978284714
376.0,12.184928781630044
376.20000000000005,20.280676971835483
376.40000000000003,23.90651686793517
376.6,61.0346948066366
376.8,38.299575195168536
377.0,24.98928718687301
377.20000000000005,13.005560268461368
377.40000000000003,2.338421298815659
377.6,5.199755811626654
377.8,8.306541074788957
378.0,7.276121752399743
378.20000000000005,3.6107392654583848
378.40000000000003,1.6931693372503633
378.6,4.546936736005112
378.8,5.4619901439977045
379.0,4.1421066894185845
379.20000000000005,1.8940238662842548
379.40000000000003,2.585757077520279
379.6,4.141947963917535
379.8,4.191356445113084
380.0,2.8778701936710003
380.20000000000005,1.8681125335288309
380.40000000000003,2.959623295704681
380.6,3.8225560881612175
380.8,3.492967919210434
381.0,2.383456504818185
381.20000000000005,2.149554303463498
381.40000000000003,3.1378824732829
381.6,3.632411697589392
381.8,3.1416779798233754
382.0,2.234101955771643
382.20000000000005,2.3940247066293474
382.40000000000003,3.31117990583709
382.6,3.610616470441499
382.8,2.984298220273791
383.0,2.175216513752992
383.20000000000005,2.66313233962993
383.40000000000003,3.616074476729767
383.6,3.737505737926799
383.8,2.863768130098734
384.0,2.148952152771771
384.20000000000005,3.1232095096512573
384.40000000000003,4.127873235405577
384.6,3.937471982671299
384.8,2.650869648824349
385.0,2.3267886002956533
385.20000000000005,3.9492793446107655
385.40000000000003,4.873719933815755
385.6,4.115206377656639
385.8,2.285601842212514
386.0,3.0928702508017487
386.20000000000005,5.32677389305945
386.40000000000003,5.910195940475476
386.6,4.180261361185847
386.8,1.986932538489146
387.0,4.9521727589473405
387.20000000000005,7.687295309679838
387.40000000000003,7.5237779963736395
387.6,4.03386950484214
387.8,3.218709881234689
388.0,9.258181950870057
388.20000000000005,12.870093642161809
388.40000000000003,11.237176016902804
388.6,3.39856168424743
388.8,10.650748724448801
389.0,26.886450812540627
389.20000000000005,41.56327350690848
389.40000000000003,49.06730409664423
389.6,100.20676504691245
389.8,61.09716176680995
390.0,44.37035105147531
390.20000000000005,26.484547479877563
390.40000000000003,9.518794800225177
390.6,5.002274137827085
390.8,11.838587417654622
391.0,12.834208252985254
391.20000000000005,9.04525825943213
391.40000000000003,3.3336750996323063
391.6,4.160391663498103
391.8,7.475179523926519
392.0,7.776838696498322
392.20000000000005,5.283335446782383
392.40000000000003,2.0477520028474836
392.6,3.8272914580085096
392.8,5.976043363103834
393.0,5.869457732538408
393.20000000000005,3.6787117373795897
393.40000000000003,1.6424603066078578
393.6,3.8478501673102654
393.8,5.422560043784375
394.0,4.910105263013342
394.20000000000005,2.620943601139336
394.40000000000003,1.7607470048166043
394.6,4.200507024902456
394.8,5.2741084503225535
395.0,4.215141381060494
395.20000000000005,1.6474906009954742
395.40000000000003,2.446498136988362
395.6,4.792720293828988
395.8,5.237063882859034
396.0,3.4646468245585944
396.20000000000005,0.896048161446222
396.40000000000003,3.5455799409880893
396.6,5.499800030071417
396.8,5.111918133173661
397.0,2.4732530899271796
397.20000000000005,1.671802064582846
397.40000000000003,4.930030153614538
397.6,6.212675754844172
397.8,4.7406159136058665
398.0,1.1178230350867426
398.20000000000005,3.487455904357876
398.40000000000003,6.5772812836893095
398.6,6.849238470894033
398.8,3.951080674751625
399.0,1.1415585158769097
399.20000000000005,6.028745712647763
399.40000000000003,8.60102182380605
399.6,7.351951307798091
399.8,2.441999404424068
400.0,4.297922283499272
400.20000000000005,9.86821775675683
400.40000000000003,11.475294138697473
400.6,7.689769327896363
400.8,0.6879237432259199
401.0,10.56695656194698
401.20000000000005,17.568926521564403
401.40000000000003,17.475320930319906
401.6,7.902906253955568
401.8,10.607710517838235
402.0,34.47954800272043
402.20000000000005,58.12288819745213
402.40000000000003,76.07917155122749
402.6,113.65865600416355
402.8,70.55556133064606
403.0,54.638672600213965
403.20000000000005,32.30052913509415
403.40000000000003,10.052481518938942
403.6,6.759830730409168
403.8,15.117089772869361
404.0,14.949102253158701
404.20000000000005,8.762158816900877
404.40000000000003,0.5082370236175807
404.6,6.24852213480861
404.8,8.953773500942365
405.0,7.345146300952349
405.20000000000005,2.8845779618351037
405.40000000000003,2.1742793561764415
405.6,5.427048363976422
405.8,5.85656241504723
406.0,3.681202560696332
406.20000000000005,0.661793373639782
406.40000000000003,3.048125144945756
406.6,4.40612828059211
406.8,3.690196064692355
407.0,1.5928336402719192
407.20000000000005,1.5596664505171511
407.40000000000003,3.117062562303789
407.6,3.2816496653714684
407.8,2.1478311276616266
408.0,1.2161075003438346
408.20000000000005,2.1689344712709504
408.40000000000003,2.6988058765345815
408.6,2.264557039254011
408.8,1.6146038789205956
409.0,1.8461774063638405
409.20000000000005,2.206796452653828
409.40000000000003,2.0753983602721546
409.6,1.9296764104985438
409.8,2.1652423601611845
410.0,2.192727178896408
410.20000000000005,1.8026250861197015
410.40000000000003,1.9305343615481545
410.6,2.6909513059197168
410.8,2.8563482411345698
411.0,1.9955432107195121
411.20000000000005,1.562978574310586
411.40000000000003,3.0668054722717475
411.6,3.968028076712904
411.8,3.188407347039747
412.0,1.2436257434888818
412.20000000000005,3.0139777268825827
412.40000000000003,5.271262966319095
412.6,5.369586522868415
412.8,2.8008105923499644
413.0,2.1494252851778475
413.20000000000005,6.57266137569204
413.40000000000003,8.73228055348748
413.6,6.817824165290029
413.8,0.9617851330666317
414.0,7.641549187554932
414.20000000000005,14.518929417267122
414.40000000000003,15.88605374738162
414.6,8.662563902301562
414.8,7.879109732750763
415.0,31.555750292333226
415.20000000000005,58.180411748170314
415.40000000000003,85.80772367115821
415.6,105.09117157565144
415.8,64.30553930841651
416.0,55.9212565378741
416.20000000000005,35.67012792764709
416.40000000000003,12.651988932857403
416.6,6.513513664767514
416.8,17.146029996918386
417.0,18.18874150178798
417.20000000000005,11.599097397083677
417.40000000000003,1.5971168507145541
417.6,7.454706542907427
417.8,11.836603538681173
418.0,10.560983036062506
418.20000000000005,4.928458649211379
418.40000000000003,2.1952565959799775
418.6,7.560432415958807
418.8,9.115675328442103
419.0,6.552894380852828
419.20000000000005,1.348541089392547
419.40000000000003,4.036770159444668
419.6,7.24122998889575
419.8,7.0369091039216745
420.0,3.7467844708716784
420.20000000000005,1.0006903488061993
420.40000000000003,5.026147788620289
420.6,6.620025348961725
420.8,5.212800962399295
421.0,1.593974269782672
421.20000000000005,2.6313955525073065
421.40000000000003,5.465423034688425
421.6,5.794784952126128
421.8,3.5826605393046083
422.0,0.6195130053275197
422.20000000000005,3.750141004884141
422.40000000000003,5.531661369155084
422.6,4.887745763603112
422.8,2.242933564387544
423.0,1.7880161328337283
423.20000000000005,4.49596959364141
423.40000000000003,5.402079476809814
423.6,4.078420616234069
423.8,1.527296022915612
424.0,2.871968823460088
424.20000000000005,5.050916870519389
424.40000000000003,5.3353903679785795
424.6,3.624380473719565
424.8,1.7323308049069286
425.0,3.827453042296668
425.20000000000005,5.774000651795325
425.40000000000003,5.7584967315831355
425.6,3.763043597619198
425.8,2.302602668976258
426.0,5.12621878212952
426.20000000000005,7.4944787624009495
426.40000000000003,7.407492901748046
426.6,4.539895447070486
426.8,3.152400680560672
427.0,8.52624512298467
427.20000000000005,12.747714714958342
427.40000000000003,12.560846961340417
427.6,6.302315276723863
427.8,8.092072309434442
428.0,26.400983654751766
428.20000000000005,48.14486389895834
428.40000000000003,75.8621437760991
428.6,82.14258814974055
428.8,41.945895903386266
429.0,40.94630090887531
429.20000000000005,28.55819972446186
429.40000000000003,12.760952708112617
429.6,3.438669961452876
429.8,11.401019634314595
430.0,13.807413002353051
430.20000000000005,10.53930925132992
430.40000000000003,4.502303288365701
430.6,4.4182747952781956
430.8,8.172377846618938
431.0,8.645474868219532
431.20000000000005,5.973608489366967
431.40000000000003,2.9375886681011147
431.6,4.762129501510648
431.8,6.682870013434545
432.0,6.214127629845528
432.20000000000005,3.977386569208665
432.40000000000003,3.034074756668867
432.6,4.793305897279566
432.8,5.662417490329721
433.0,4.764024516692147
433.20000000000005,3.139157101408084
433.40000000000003,3.3503029102834354
433.6,4.6539057156478885
433.8,4.896715794692274
434.0,3.8882970390093745
434.20000000000005,2.911141507889551
434.40000000000003,3.5592895823965938
434.6,4.463532447471263
434.8,4.3614879424142625
435.0,3.4016144486731945
435.20000000000005,2.90639948101829
435.40000000000003,3.6835014297697546
435.6,4.338992848682327
435.8,4.042464001218748
436.0,3.122325098774819
436.20000000000005,2.9513761580790363
436.40000000000003,3.8499160347309807
436.6,4.3700086146761405
436.8,3.8667141486748164
437.0,2.8850494314893522
437.20000000000005,3.096718965904903
437.40000000000003,4.225154880352893
437.6,4.585013074911959
437.8,3.7001251317785235
438.0,2.636436388695716
438.20000000000005,3.596344286403838
438.40000000000003,4.98103194432032
438.6,4.956016312807158
438.8,3.3705938045922834
439.0,2.669155303484242
439.20000000000005,4.913857625176384
439.40000000000003,6.386558481185179
439.6,5.477145812596434
439.8,2.6484380349850936
440.0,4.271262695531494
440.20000000000005,8.297387891509084
440.40000000000003,9.647099918615968
440.6,6.526300554753867
440.8,2.61021589874722
441.0,14.128498199529579
441.20000000000005,28.595799961490737
441.40000000000003,48.71153429516637
441.6,43.03389152031617
441.8,20.15340737939862
442.0,19.56535457464956
442.20000000000005,12.568386302010504
442.40000000000003,4.666221099514851
442.6,3.469144120662498
442.8,6.045587341038537
443.0,5.540575459455191
443.20000000000005,2.953073256613175
443.40000000000003,1.9439349472913021
443.6,3.6295178973986997
443.8,3.825338511321971
444.0,2.3315272968970033
444.20000000000005,1.0871938236047503
444.40000000000003,2.6218877417957724
444.6,3.272679343569947
444.8,2.3888163227303583
445.0,0.618689414877413
445.20000000000005,1.7606109512156554
445.40000000000003,2.897423945960046
445.6,2.654725876835819
445.8,1.1761097696130118
446.0,0.8310875401836191
446.20000000000005,2.3803427326008904
446.40000000000003,2.7860892957056227
446.6,1.8845517883603053
446.8,0.17956558147195986
447.0,1.6729402923578869
447.20000000000005,2.6520252561476227
447.40000000000003,2.39423786160734
447.6,1.062685467669835
447.8,0.8596555514626332
448.0,2.2386244664775234
448.20000000000005,2.614684351918347
448.40000000000003,1.812779678228673
448.6,0.4745930568424564
448.8,1.6030672165884592
449.0,2.521398946750536
449.20000000000005,2.3216891728723303
449.40000000000003,1.1496832441274245
449.6,0.8915860290544648
449.8,2.138620249481624
450.0,2.535867442169138
450.20000000000005,1.8373456202802718
450.40000000000003,0.6632275965454083
450.6,1.5411889244722792
450.8,2.440478150806189
451.0,2.310110755770808
451.20000000000005,1.2548413219690124
451.40000000000003,0.9040750565249195
451.6,2.0631890993910176
451.8,2.5007200130366196
452.0,1.8904231317727556
452.20000000000005,0.7865985274471985
452.40000000000003,1.4835015716556992
452.6,2.390410913159757
452.8,2.329891261044046
453.0,1.354129330715149
453.20000000000005,0.8989182562595368
453.40000000000003,2.0052489374786635
453.6,2.4958347294891987
453.8,1.9596457349619998
454.0,0.8753804669375188
454.20000000000005,1.4273022227231151
454.40000000000003,2.3651894578496475
454.6,2.375490568063645
454.8,1.451799298499797
455.0,0.8783133820748598
455.20000000000005,1.9618105165450315
455.40000000000003,2.5195064583607114
455.6,2.0476211619119566
455.8,0.9477192957485912
456.0,1.369999441156648
456.20000000000005,2.364867734240753
456.40000000000003,2.451007575676419
456.6,1.5584208653468923
456.8,0.8425667532613483
457.0,1.9326357897759143
457.20000000000005,2.57719978123959
457.40000000000003,2.1646427535307975
457.6,1.0181402328027789
457.8,1.3085715248558456
458.0,2.3950149303166848
458.20000000000005,2.568912879229332
458.40000000000003,1.6899807320618139
458.6,0.7899908929575779
458.8,1.9208301551013895
459.0,2.6834445321906366
459.20000000000005,2.3310698728930666
459.40000000000003,1.104413220464978
459.6,1.2389002098724953
459.8,2.470220216553967
460.0,2.7559864481465133
460.20000000000005,1.874510679333376
460.40000000000003,0.7173543237541957
460.6,1.9361743022891973
460.8,2.871258366308028
461.0,2.5893277006681465
461.20000000000005,1.238845240651593
461.40000000000003,1.154724928747407
461.6,2.6263298348154622
461.8,3.073866244574153
462.0,2.1729502924153423
462.20000000000005,0.6256677979156501
462.40000000000003,2.0072525078254553
462.6,3.22443760398157
462.8,3.0452010834677714
463.0,1.5016118312113822
463.20000000000005,1.0474161344225998
463.40000000000003,2.9667216718310367
463.6,3.6977012437940555
463.8,2.7597489599371325
464.0,0.5827314700498438
464.20000000000005,2.2377922307948923
464.40000000000003,4.023194415364988
464.6,4.061770441894806
464.8,2.1789099000302254
465.0,0.9423850757624709
465.20000000000005,3.9282956216778446
465.40000000000003,5.394678403995353
465.6,4.45163628946292
465.8,1.2156939953369819
466.0,3.2946841570583594
466.20000000000005,7.077693165842854
466.40000000000003,8.302339678986906
466.6,5.7234144973423815
466.8,2.371682634586312
467.0,12.017486176116694
467.20000000000005,25.565721112588633
467.40000000000003,52.29599829219396
467.6,46.53707505660698
467.8,13.413033197754547
468.0,13.82423274479793
468.20000000000005,10.278825941501385
468.40000000000003,5.658839556161459
468.6,2.900469815081565
468.8,3.451174362278322
469.0,3.791095798118895
469.20000000000005,3.140016000451015
469.40000000000003,2.2516776797629885
469.6,1.8606730848501678
469.8,1.8090549115286974
470.0,1.7293228603891184
470.20000000000005,1.6800235799675525
470.40000000000003,1.6200761389244502
470.6,1.3479840174377502
470.8,0.951067152977284
471.0,0.9857547478716879
471.20000000000005,1.3306948747073253
471.40000000000003,1.374411815188344
471.6,0.9673325504751802
471.8,0.4504389531819869
472.0,0.8325499304621283
472.20000000000005,1.2596617553872658
472.40000000000003,1.2187380714455864
472.6,0.7087612105205271
472.8,0.2696202558847714
473.0,0.9028526459408425
473.20000000000005,1.2721920974640222
473.40000000000003,1.131061867164831
473.6,0.541618093314076
473.8,0.3967277498287564
474.0,1.0690962606431518
474.20000000000005,1.3497530385706982
474.40000000000003,1.082345138752026
474.6,0.4452898262290556
474.8,0.7083199640502933
475.0,1.332892726810067
475.20000000000005,1.4670304266996053
475.40000000000003,1.0483942781058078
475.6,0.6385870790581227
475.8,1.1953291917327826
476.0,1.6744293454377153
476.20000000000005,1.5970330100458885
476.40000000000003,1.1739476697491473
476.6,1.286981044671195
476.8,1.8527627606417845
477.0,2.0621009772379333
477.20000000000005,1.8633963449761546
477.40000000000003,1.899096242859234
477.6,2.401587210975476
477.8,2.695014264290971
478.0,2.613603272150873
478.20000000000005,2.907538294517422
478.40000000000003,3.7969697329689196
478.6,4.290215013871865
478.8,3.9684783571081086
479.0,4.362411226151423
479.20000000000005,6.7392002206845385
479.40000000000003,8.941434134759843
479.6,8.963391574439301
479.8,8.412869974418406
480.0,16.55136724131891
480.20000000000005,36.33780991145177
480.40000000000003,91.64654923457255
480.6,86.81952822282288
480.8,24.959757073658373
481.0,24.951648251955337
481.20000000000005,20.259329869617883
481.40000000000003,11.742452066003175
481.6,5.220509153728171
481.8,8.246491973834935
482.0,10.498518689125728
482.20000000000005,8.680495553138845
482.40000000000003,4.316046040449822
482.6,3.611938960697994
482.8,6.7281742625214855
483.0,7.332470722709163
483.20000000000005,5.021561251080059
483.40000000000003,1.9990313476699046
483.6,4.149785487045986
483.8,6.092182876458172
484.0,5.481016071518317
484.20000000000005,2.80916226849521
484.40000000000003,2.1666188886788214
484.6,4.702442609405168
484.8,5.4676513935926625
485.0,3.9362022481550833
485.20000000000005,1.4869421183009788
485.40000000000003,3.1858943886042312
485.6,4.979057994824634
485.8,4.679829473592725
486.0,2.5326804456078187
486.20000000000005,1.7960728193543927
486.40000000000003,4.082620577054718
486.6,4.9322317701276885
486.8,3.7177280612130716
487.0,1.558514116625532
487.20000000000005,2.927221700085662
487.40000000000003,4.693691389776374
487.6,4.573616966282464
487.8,2.7003106512906
488.0,1.9154156346109792
488.20000000000005,4.037007172404083
488.40000000000003,4.9946298426819675
488.6,3.9821346043880794
488.8,2.085366193742586
489.0,3.1722450946393224
489.20000000000005,4.977204285750134
489.40000000000003,5.037602786896896
489.6,3.4143333616684903
489.8,2.7043727043717225
490.0,4.647178726631228
490.20000000000005,5.791153464982807
490.40000000000003,5.055764330528943
490.6,3.5864732816345084
490.8,4.460658406525833
491.0,6.3653607027204515
491.20000000000005,6.843767037396194
491.40000000000003,5.873881114668395
491.6,5.626676038312745
491.8,7.453760402540371
492.0,9.280090194203828
492.20000000000005,10.007289752460146
492.40000000000003,10.564699944688796
492.6,12.498909521123435
492.8,16.327516304615475
493.0,23.58644333396812
493.20000000000005,40.83865520134698
493.40000000000003,114.37076725417566
493.6,111.25942704015411
493.8,32.697434715665054
494.0,23.99927089656325
494.20000000000005,19.526617194585096
494.40000000000003,13.10525754344658
494.6,7.204175717307349
494.8,7.307714417099427
495.0,9.27529647703693
495.20000000000005,8.35200669833763
495.40000000000003,4.871265207619482
495.6,2.8868460976293906
495.8,5.426188982070955
496.0,6.429742267798337
496.20000000000005,4.763302212528447
496.40000000000003,1.679791014522498
496.6,2.9868768167728468
496.8,5.004194790081665
497.0,4.74736962870671
497.20000000000005,2.411544116316567
497.40000000000003,1.1666556659577552
497.6,3.6982304029437953
497.8,4.514989290073739
498.0,3.206216250477096
498.20000000000005,0.508751747978707
498.40000000000003,2.438441909689618
498.6,4.061891110246721
498.8,3.723160715234319
499.0,1.6250622826775483
499.20000000000005,1.2098200210301482
499.40000000000003,3.4208381813929774
499.6,3.969830517023459
499.8,2.609818454562574
